System,Outage,Materials & Mfg,Transport,Use,End-of-Life
Sand Battery,Moderate,1149.10191,54.86070488,2.518680126,19.41790561
BESS,Moderate,8348.108498,65.92488914,0,72.83200059
Propane,Moderate,2594.928461,21.68513602,7207.2,38.64418715
Sand Battery,Rare,1149.10191,54.86070488,1.287652083,19.41790561
BESS,Rare,8348.108498,65.92488914,0,72.83200059
Propane,Rare,2193.192964,18.56805052,3603.6,38.64418715
Sand Battery,Frequent,1149.10191,54.86070488,4.980736211,19.41790561
BESS,Frequent,8348.108498,65.92488914,0,72.83200059
Propane,Frequent,3398.399454,27.91930703,14414.4,38.64418715