System,Materials & Mfg,Transport,Use,End-of-Life
Sand Battery,1149.10191,54.86070488,1.533857692,19.41790561
Chemical Battery,8348.108498,65.92488914,0,72.83200059