System,Outage,Materials & Mfg,Transport,Use,End-of-Life
Sand Battery,Moderate,1149.10191,54.86070488,2.518680126,19.41790561
BESS,Moderate,8348.108498,65.92488914,0,72.83200059
Propane,Moderate,1791.457468,21.68513602,6843.748421,38.64418715
Sand Battery,Rare,1149.10191,54.86070488,1.287652083,19.41790561
BESS,Rare,8348.108498,65.92488914,0,72.83200059
Propane,Rare,1791.457468,18.56805052,3421.874211,38.64418715
Sand Battery,Frequent,1149.10191,54.86070488,4.980736211,19.41790561
BESS,Frequent,8348.108498,65.92488914,0,72.83200059
Propane,Frequent,1791.457468,27.91930703,13687.49684,38.64418715