Phase,Sand Battery,Chemical Battery
Materials & Mfg,1149.10191,8348.108498
Transport,54.86070488,65.92488914
Use,1.533857692,0
End-of-Life,19.41790561,72.83200059